{"stats":{"minecraft:mined":{"minecraft:grass_block":3,"minecraft:birch_leaves":1},"minecraft:picked_up":{"minecraft:dirt":2},"minecraft:custom":{"minecraft:jump":37,"minecraft:time_since_rest":1873,"minecraft:leave_game":1,"minecraft:crouch_one_cm":37,"minecraft:sprint_one_cm":1899,"minecraft:play_time":1873,"minecraft:damage_taken":70,"minecraft:time_since_death":1873,"minecraft:walk_one_cm":3442,"minecraft:sneak_time":92,"minecraft:total_world_time":1873,"minecraft:fall_one_cm":1439,"minecraft:fly_one_cm":3499}},"DataVersion":3218}