{"stats":{"minecraft:picked_up":{"minecraft:dirt":2},"minecraft:mined":{"minecraft:grass_block":4,"minecraft:birch_leaves":2},"minecraft:custom":{"minecraft:jump":47,"minecraft:time_since_rest":2504,"minecraft:leave_game":2,"minecraft:crouch_one_cm":224,"minecraft:play_time":2504,"minecraft:sprint_one_cm":3301,"minecraft:damage_taken":70,"minecraft:time_since_death":2504,"minecraft:walk_one_cm":6975,"minecraft:sneak_time":178,"minecraft:total_world_time":2504,"minecraft:fall_one_cm":1439,"minecraft:fly_one_cm":6277}},"DataVersion":3120}