{"stat.useItem.minecraft.bow":12,"stat.pickup.minecraft.wooden_slab":4,"stat.leaveGame":5,"stat.useItem.minecraft.mutton":4,"stat.mineBlock.minecraft.stained_glass":1,"stat.killEntity.mocreatures:ent":2,"stat.useItem.minecraft.planks":65,"stat.drop.minecraft.bowl":1,"stat.pickup.minecraft.porkchop":3,"stat.useItem.minecraft.water_bucket":10,"stat.pickup.minecraft.rotten_flesh":5,"stat.pickup.minecraft.sand":727,"stat.craftItem.minecraft.stone_axe":1,"stat.killEntity.mocreatures:turkey":1,"stat.craftItem.rustic.barrel":2,"stat.craftItem.minecraft.iron_shovel":2,"stat.mineBlock.minecraft.sand":590,"stat.useItem.minecraft.iron_pickaxe":247,"stat.craftItem.minecraft.wooden_pickaxe":1,"stat.useItem.minecraft.iron_shovel":462,"stat.drop.minecraft.cooked_mutton":10,"stat.pickup.minecraft.double_plant":2,"stat.furnaceInteraction":21,"stat.pickup.minecraft.beef":3,"stat.useItem.minecraft.cooked_mutton":4,"stat.killEntity.mocreatures:fly":3,"stat.pickup.minecraft.leather_helmet":1,"stat.pickup.inventorypets.bed_pet":1,"stat.pickup.minecraft.iron_chestplate":4,"stat.pickup.mca.rose_gold_ore":4,"stat.pickup.mocreatures.chitin":3,"stat.pickup.minecraft.potion":1,"stat.useItem.minecraft.flint_and_steel":4,"stat.deaths":8,"stat.playOneMinute":303658,"stat.drop.minecraft.chest":1,"stat.pickup.minecraft.iron_bars":8,"stat.pickup.rustic.aloe_vera":2,"stat.mineBlock.minecraft.tallgrass":12,"stat.craftItem.minecraft.cooked_mutton":14,"stat.pickup.minecraft.cooked_mutton":2,"stat.chestOpened":32,"stat.pickup.minecraft.pumpkin":2,"stat.pickup.minecraft.arrow":13,"stat.mineBlock.rustic.slate":6,"stat.fallOneCm":76781,"stat.drop.minecraft.stone":3,"stat.pickup.minecraft.carrot":13,"stat.crouchOneCm":66827,"stat.mineBlock.minecraft.chest":1,"stat.craftItem.minecraft.iron_ingot":5,"stat.pickup.rustic.grape_stem":1,"stat.pickup.minecraft.melon":11,"stat.craftingTableInteraction":23,"stat.killEntity.mocreatures:elephant":1,"stat.mineBlock.minecraft.log2":1,"stat.killEntity.mocreatures:bunny":1,"stat.drop.minecraft.bone":2,"stat.killEntity.mocreatures:raccoon":1,"stat.pickup.minecraft.planks":528,"stat.pickup.minecraft.iron_leggings":1,"stat.pickup.minecraft.wheat_seeds":1,"stat.mineBlock.minecraft.gravel":24,"stat.useItem.minecraft.stone_pickaxe":107,"stat.drop.mocreatures.fur":2,"stat.craftItem.minecraft.iron_leggings":1,"stat.useItem.minecraft.stone_sword":6,"stat.mineBlock.minecraft.dirt":19,"stat.useItem.minecraft.torch":1,"stat.useItem.minecraft.log":1,"stat.pickup.minecraft.crafting_table":1,"stat.useItem.minecraft.cobblestone":32,"stat.craftItem.minecraft.crafting_table":5,"stat.mineBlock.minecraft.double_plant":1,"stat.craftItem.minecraft.boat":2,"stat.pickup.minecraft.log":119,"stat.useItem.minecraft.cooked_fish":1,"stat.mineBlock.galacticraftcore.basic_block_core":31,"stat.drop.minecraft.carrot":4,"stat.useItem.minecraft.yellow_flower":1,"stat.mineBlock.evilcraft.hardened_blood":1,"stat.useItem.twilightforest.glass_sword":185,"stat.pickup.minecraft.sapling":35,"stat.pickup.minecraft.apple":2,"stat.drop.minecraft.fish":3,"stat.craftItem.minecraft.bucket":1,"stat.craftItem.minecraft.planks":140,"stat.useItem.minecraft.iron_sword":20,"stat.mineBlock.minecraft.log":112,"stat.pickup.minecraft.red_flower":2,"stat.sneakTime":19166,"stat.pickup.minecraft.wool":5,"stat.pickup.minecraft.cooked_fish":12,"stat.pickup.minecraft.yellow_flower":2,"stat.mineBlock.minecraft.jukebox":1,"stat.pickup.minecraft.chest":1,"stat.drop.minecraft.stone_pickaxe":1,"stat.killEntity.mocreatures:snake":2,"stat.useItem.minecraft.mushroom_stew":1,"stat.pickup.minecraft.bone":23,"stat.mineBlock.minecraft.pumpkin":1,"stat.mineBlock.minecraft.cobblestone":3,"stat.pickup.evilcraft.blood_extractor":3,"stat.pickup.minecraft.stone_pickaxe":2,"stat.pickup.minecraft.flint":3,"stat.mineBlock.minecraft.yellow_flower":2,"stat.pickup.minecraft.leather_chestplate":2,"stat.useItem.minecraft.diamond_sword":123,"stat.pickup.mocreatures.fur":4,"stat.swimOneCm":42147,"stat.climbOneCm":446,"stat.pickup.minecraft.enchanted_book":2,"stat.useItem.minecraft.dirt":25,"stat.pickup.minecraft.golden_helmet":1,"stat.useItem.minecraft.stone_slab2":489,"stat.pickup.minecraft.bow":3,"stat.pickup.inventorypets.nugget_lapis":11,"stat.craftItem.minecraft.furnace":1,"stat.craftItem.minecraft.stone_pickaxe":2,"stat.drop.extraplanets.nuclear_bomb":1,"stat.pickup.minecraft.cobblestone":493,"stat.useItem.minecraft.stone_shovel":131,"stat.flyOneCm":355347,"stat.useItem.rustic.barrel":1,"stat.pickup.minecraft.fish":3,"stat.pickup.rustic.slate":11,"stat.craftItem.minecraft.wooden_slab":6,"stat.pickup.minecraft.cactus":1,"stat.pickup.minecraft.redstone":23,"stat.mineBlock.minecraft.iron_ore":53,"stat.timeSinceDeath":15099,"stat.pickup.minecraft.mutton":8,"stat.pickup.minecraft.nether_wart":21,"stat.pickup.galacticraftcore.basic_block_core":39,"stat.drop.minecraft.dirt":1,"stat.pickup.minecraft.iron_shovel":2,"stat.useItem.minecraft.cooked_porkchop":6,"stat.pickup.twilightforest.ice_bomb":1,"stat.mineBlock.minecraft.coal_ore":13,"stat.pickup.minecraft.shield":1,"stat.talkedToVillager":2,"stat.pickup.minecraft.wooden_sword":2,"stat.pickup.minecraft.string":14,"stat.entityKilledBy.Skeleton":3,"stat.craftItem.minecraft.stone_slab2":0,"stat.sprintOneCm":248185,"stat.craftItem.minecraft.stick":24,"stat.killEntity.mocreatures:mole":1,"stat.mineBlock.minecraft.diamond_ore":1,"stat.mineBlock.minecraft.crafting_table":1,"stat.pickup.inventorypets.heart_pet":2,"stat.useItem.minecraft.diamond_pickaxe":94,"stat.useItem.minecraft.carrot":3,"stat.entityKilledBy.mocreatures:manticore":1,"stat.pickup.minecraft.golden_horse_armor":1,"stat.pickup.minecraft.leather_leggings":5,"stat.pickup.minecraft.sugar":3,"stat.mineBlock.minecraft.planks":4,"stat.drop":28,"stat.useItem.minecraft.wooden_sword":54,"stat.pickup.minecraft.jukebox":1,"stat.killEntity.Sheep":3,"stat.pickup.inventorypets.nugget_obsidian":4,"stat.pickup.minecraft.slime_ball":13,"stat.craftItem.minecraft.diamond_pickaxe":1,"stat.killEntity.Zombie":10,"stat.craftItem.minecraft.diamond_axe":1,"stat.mineBlock.minecraft.gold_ore":13,"stat.diveOneCm":27478,"stat.pickup.minecraft.wheat":1,"stat.pickup.rustic.wildberry_bush":1,"stat.drop.minecraft.wooden_pickaxe":1,"stat.pickup.minecraft.gravel":48,"stat.useItem.minecraft.diamond_axe":117,"stat.pickup.minecraft.stone_axe":2,"stat.useItem.minecraft.rotten_flesh":1,"stat.craftItem.minecraft.diamond_sword":1,"stat.jump":2658,"stat.useItem.minecraft.sand":407,"stat.pickup.minecraft.coal":71,"stat.pickup.minecraft.iron_ingot":21,"stat.useItem.minecraft.stone_axe":106,"stat.pickup.minecraft.spider_eye":10,"stat.pickup.minecraft.dirt":84,"stat.drop.minecraft.iron_shovel":1,"stat.pickup.minecraft.iron_ore":63,"stat.mineBlock.mca.rose_gold_ore":4,"stat.boatOneCm":205337,"stat.mineBlock.minecraft.iron_bars":1,"stat.pickup.minecraft.gold_ore":13,"stat.pickup.minecraft.leaves":13,"stat.mineBlock.minecraft.glass_pane":1,"stat.damageTaken":6851,"stat.mineBlock.minecraft.torch":3,"stat.mineBlock.minecraft.red_flower":1,"stat.useItem.minecraft.wooden_pickaxe":6,"stat.pickup.minecraft.bed":3,"stat.entityKilledBy.Zombie":1,"stat.damageDealt":12307,"stat.sleepInBed":1,"stat.killEntity.Cow":1,"stat.killEntity.Pig":1,"stat.pickup.minecraft.boat":2,"stat.craftItem.minecraft.stone_shovel":1,"stat.walkOneCm":439624,"stat.playerKills":4,"stat.pickup.minecraft.stick":3,"stat.pickup.minecraft.diamond_pickaxe":1,"stat.killEntity.mocreatures:wildhorse":2,"stat.drop.minecraft.iron_chestplate":1,"stat.pickup.minecraft.stone":113,"stat.craftItem.minecraft.iron_chestplate":1,"stat.killEntity.Skeleton":19,"stat.pickup.mocreatures.mocegg":6,"stat.killEntity.Spider":12,"stat.mobKills":68,"stat.useItem.minecraft.boat":4,"stat.pickup.minecraft.diamond":46,"stat.mineBlock.minecraft.leaves":76,"stat.pickup.minecraft.torch":1,"stat.mineBlock.minecraft.redstone_ore":5,"stat.killEntity.mocreatures:maggot":4,"stat.pickup.evilcraft.werewolf_flesh":3,"stat.mineBlock.minecraft.stone":300}