{"stat.drop.minecraft.stone_pickaxe":1,"stat.chestOpened":17,"stat.useItem.minecraft.bow":12,"stat.pickup.minecraft.pumpkin":2,"stat.killEntity.mocreatures:snake":2,"stat.pickup.rustic.wildberry_bush":1,"stat.useItem.minecraft.mushroom_stew":1,"stat.pickup.minecraft.bone":14,"stat.drop.minecraft.wooden_pickaxe":1,"stat.leaveGame":5,"stat.pickup.minecraft.gravel":1,"stat.pickup.minecraft.arrow":10,"stat.mineBlock.minecraft.pumpkin":1,"stat.mineBlock.minecraft.cobblestone":2,"stat.pickup.evilcraft.blood_extractor":3,"stat.pickup.minecraft.stone_pickaxe":2,"stat.useItem.minecraft.diamond_axe":6,"stat.pickup.minecraft.stone_axe":2,"stat.pickup.minecraft.flint":1,"stat.mineBlock.minecraft.yellow_flower":2,"stat.pickup.minecraft.leather_chestplate":2,"stat.useItem.minecraft.diamond_sword":15,"stat.pickup.mocreatures.fur":4,"stat.useItem.minecraft.rotten_flesh":1,"stat.useItem.minecraft.mutton":4,"stat.mineBlock.minecraft.stained_glass":1,"stat.craftItem.minecraft.diamond_sword":1,"stat.jump":1967,"stat.swimOneCm":39986,"stat.useItem.minecraft.sand":407,"stat.pickup.minecraft.coal":58,"stat.fallOneCm":52958,"stat.climbOneCm":446,"stat.useItem.minecraft.planks":53,"stat.pickup.minecraft.iron_ingot":21,"stat.pickup.minecraft.enchanted_book":2,"stat.pickup.minecraft.carrot":13,"stat.useItem.minecraft.stone_axe":106,"stat.drop.minecraft.bowl":1,"stat.pickup.minecraft.porkchop":2,"stat.crouchOneCm":47594,"stat.pickup.minecraft.spider_eye":10,"stat.craftItem.minecraft.iron_ingot":5,"stat.pickup.rustic.grape_stem":1,"stat.pickup.minecraft.dirt":72,"stat.useItem.minecraft.dirt":25,"stat.pickup.minecraft.golden_helmet":1,"stat.drop.minecraft.iron_shovel":1,"stat.useItem.minecraft.stone_slab2":22,"stat.pickup.minecraft.bow":2,"stat.useItem.minecraft.water_bucket":9,"stat.craftingTableInteraction":17,"stat.pickup.minecraft.iron_ore":15,"stat.pickup.minecraft.rotten_flesh":3,"stat.pickup.minecraft.sand":727,"stat.craftItem.minecraft.furnace":1,"stat.boatOneCm":205337,"stat.mineBlock.minecraft.iron_bars":1,"stat.killEntity.mocreatures:elephant":1,"stat.craftItem.minecraft.stone_axe":1,"stat.mineBlock.minecraft.glass_pane":1,"stat.damageTaken":5343,"stat.killEntity.mocreatures:bunny":1,"stat.drop.minecraft.bone":2,"stat.craftItem.minecraft.stone_pickaxe":2,"stat.mineBlock.minecraft.torch":1,"stat.useItem.minecraft.wooden_pickaxe":6,"stat.killEntity.mocreatures:raccoon":1,"stat.pickup.minecraft.cobblestone":320,"stat.pickup.minecraft.planks":430,"stat.pickup.minecraft.iron_leggings":1,"stat.useItem.minecraft.stone_shovel":131,"stat.flyOneCm":167421,"stat.pickup.minecraft.bed":3,"stat.killEntity.mocreatures:turkey":1,"stat.craftItem.minecraft.iron_shovel":2,"stat.pickup.minecraft.wheat_seeds":1,"stat.mineBlock.minecraft.sand":590,"stat.pickup.minecraft.fish":3,"stat.entityKilledBy.Zombie":1,"stat.useItem.minecraft.stone_pickaxe":107,"stat.drop.mocreatures.fur":2,"stat.pickup.minecraft.cactus":1,"stat.craftItem.minecraft.iron_leggings":1,"stat.useItem.minecraft.stone_sword":6,"stat.damageDealt":8075,"stat.mineBlock.minecraft.iron_ore":5,"stat.sleepInBed":1,"stat.timeSinceDeath":0,"stat.mineBlock.minecraft.dirt":9,"stat.useItem.minecraft.iron_pickaxe":7,"stat.craftItem.minecraft.wooden_pickaxe":1,"stat.pickup.minecraft.mutton":8,"stat.useItem.minecraft.iron_shovel":446,"stat.drop.minecraft.cooked_mutton":10,"stat.pickup.minecraft.boat":2,"stat.craftItem.minecraft.stone_shovel":1,"stat.pickup.minecraft.double_plant":2,"stat.walkOneCm":325351,"stat.useItem.minecraft.torch":1,"stat.playerKills":4,"stat.pickup.minecraft.stick":2,"stat.useItem.minecraft.log":1,"stat.pickup.minecraft.crafting_table":1,"stat.pickup.minecraft.nether_wart":21,"stat.useItem.minecraft.cobblestone":13,"stat.craftItem.minecraft.crafting_table":4,"stat.furnaceInteraction":21,"stat.pickup.galacticraftcore.basic_block_core":16,"stat.drop.minecraft.dirt":1,"stat.mineBlock.minecraft.double_plant":1,"stat.pickup.minecraft.iron_shovel":1,"stat.killEntity.mocreatures:wildhorse":2,"stat.craftItem.minecraft.boat":2,"stat.pickup.minecraft.shield":1,"stat.talkedToVillager":2,"stat.pickup.minecraft.wooden_sword":2,"stat.pickup.minecraft.log":33,"stat.pickup.minecraft.string":14,"stat.useItem.minecraft.cooked_fish":1,"stat.mineBlock.galacticraftcore.basic_block_core":8,"stat.useItem.minecraft.cooked_mutton":4,"stat.drop.minecraft.carrot":4,"stat.useItem.minecraft.yellow_flower":1,"stat.killEntity.mocreatures:fly":3,"stat.entityKilledBy.Skeleton":3,"stat.drop.minecraft.iron_chestplate":1,"stat.craftItem.minecraft.stone_slab2":0,"stat.mineBlock.evilcraft.hardened_blood":1,"stat.pickup.minecraft.stone":10,"stat.craftItem.minecraft.iron_chestplate":1,"stat.pickup.minecraft.leather_helmet":1,"stat.pickup.minecraft.sapling":33,"stat.sprintOneCm":183653,"stat.pickup.minecraft.iron_chestplate":4,"stat.pickup.minecraft.apple":2,"stat.craftItem.minecraft.stick":20,"stat.killEntity.Skeleton":13,"stat.drop.minecraft.fish":3,"stat.pickup.mocreatures.chitin":3,"stat.pickup.mocreatures.mocegg":6,"stat.craftItem.minecraft.bucket":1,"stat.craftItem.minecraft.planks":128,"stat.useItem.minecraft.iron_sword":20,"stat.killEntity.mocreatures:mole":1,"stat.pickup.minecraft.potion":1,"stat.mineBlock.minecraft.crafting_table":1,"stat.killEntity.Spider":11,"stat.useItem.minecraft.carrot":3,"stat.entityKilledBy.mocreatures:manticore":1,"stat.mobKills":53,"stat.pickup.minecraft.leather_leggings":5,"stat.mineBlock.minecraft.log":35,"stat.pickup.minecraft.sugar":3,"stat.useItem.minecraft.boat":4,"stat.deaths":7,"stat.mineBlock.minecraft.planks":2,"stat.drop":25,"stat.pickup.minecraft.diamond":4,"stat.mineBlock.minecraft.leaves":61,"stat.playOneMinute":218775,"stat.useItem.minecraft.wooden_sword":54,"stat.pickup.minecraft.jukebox":1,"stat.killEntity.Sheep":3,"stat.pickup.minecraft.red_flower":1,"stat.sneakTime":11501,"stat.killEntity.mocreatures:maggot":4,"stat.pickup.minecraft.slime_ball":13,"stat.pickup.minecraft.wool":5,"stat.pickup.evilcraft.werewolf_flesh":3,"stat.killEntity.Zombie":6,"stat.pickup.minecraft.iron_bars":8,"stat.pickup.minecraft.cooked_fish":12,"stat.pickup.minecraft.yellow_flower":2,"stat.mineBlock.minecraft.jukebox":1,"stat.pickup.rustic.aloe_vera":2,"stat.craftItem.minecraft.diamond_axe":1,"stat.mineBlock.minecraft.stone":96,"stat.mineBlock.minecraft.tallgrass":6,"stat.craftItem.minecraft.cooked_mutton":14,"stat.diveOneCm":27364,"stat.pickup.minecraft.cooked_mutton":2}