{"stats":{"minecraft:killed":{"minecraft:zombie":1},"minecraft:picked_up":{"minecraft:stick":1,"minecraft:leather":2,"minecraft:beef":3,"minecraft:birch_sapling":1,"minecraft:dirt":2,"minecraft:egg":1},"minecraft:used":{"minecraft:netherite_boots":1,"minecraft:netherite_sword":6,"minecraft:netherite_leggings":1,"cave_dweller:cave_dweller_spawn_egg":1,"minecraft:netherite_chestplate":1,"minecraft:netherite_helmet":1,"minecraft:egg":1},"minecraft:dropped":{"minecraft:leather":1},"minecraft:custom":{"minecraft:time_since_rest":655,"minecraft:deaths":2,"minecraft:crouch_one_cm":1455,"minecraft:sprint_one_cm":15931,"minecraft:play_time":22694,"minecraft:damage_taken":779,"minecraft:walk_one_cm":21770,"minecraft:sneak_time":506,"minecraft:mob_kills":1,"minecraft:drop":1,"minecraft:jump":197,"minecraft:damage_dealt":504,"minecraft:leave_game":4,"minecraft:time_since_death":624,"minecraft:walk_on_water_one_cm":503,"minecraft:total_world_time":22694,"minecraft:fall_one_cm":8178,"minecraft:fly_one_cm":48354},"minecraft:killed_by":{"minecraft:creeper":1,"cave_dweller:cave_dweller":1},"minecraft:mined":{"minecraft:grass":1,"minecraft:grass_block":4,"minecraft:birch_leaves":17}},"DataVersion":3120}