{"stat.useItem.minecraft.bow":11,"stat.mineBlock.evilcraft.blood_chest":1,"stat.pickup.minecraft.wooden_slab":2,"stat.leaveGame":9,"stat.killEntity.mocreatures:boar":2,"stat.mineBlock.minecraft.web":19,"stat.pickup.minecraft.rotten_flesh":20,"stat.craftItem.evilcraft.bowl_of_promises":2,"stat.pickup.minecraft.brick_block":2,"stat.pickup.evilcraft.blood_chest":1,"stat.killEntity.Enderman":1,"stat.mineBlock.minecraft.wooden_slab":2,"stat.pickup.minecraft.leather_boots":1,"stat.killEntity.Witch":1,"stat.useItem.minecraft.iron_pickaxe":1155,"stat.craftItem.minecraft.wooden_pickaxe":1,"stat.mineBlock.minecraft.brick_block":2,"stat.drop.minecraft.cooked_mutton":4,"stat.pickup.minecraft.double_plant":1,"stat.useItem.evilcraft.undead_sapling":1,"stat.drop.minecraft.diamond_chestplate":1,"stat.furnaceInteraction":84,"stat.drop.minecraft.gravel":2,"stat.killEntity.ZombieVillager":1,"stat.pickup.cfm.counter_drawer":1,"stat.drop.minecraft.red_flower":2,"stat.killEntity.mocreatures:greenogre":1,"stat.craftItem.evilcraft.dark_stick":4,"stat.pickup.minecraft.beef":8,"stat.killEntity.mocreatures:duck":2,"stat.pickup.minecraft.leather_helmet":1,"stat.useItem.rustic.wildberries":3,"stat.useItem.minecraft.flint_and_steel":2,"stat.killEntity.Husk":1,"stat.useItem.minecraft.dye":8,"stat.drop.galacticraftcore.basic_block_core":1,"stat.deaths":16,"stat.pickup.minecraft.bowl":4,"stat.pickup.minecraft.egg":7,"stat.killEntity.mocreatures:dolphin":2,"stat.craftItem.minecraft.iron_pickaxe":3,"stat.mineBlock.minecraft.tallgrass":60,"stat.craftItem.minecraft.cooked_mutton":18,"stat.fishCaught":8,"stat.killEntity.mocreatures:rat":1,"stat.pickup.minecraft.cooked_mutton":20,"stat.chestOpened":138,"stat.useItem.minecraft.stone":5,"stat.mineBlock.rustic.chamomile":1,"stat.pickup.minecraft.arrow":23,"stat.pickup.minecraft.iron_sword":3,"stat.mineBlock.evilcraft.blood_infuser":1,"stat.drop.minecraft.iron_pickaxe":1,"stat.pickup.extraplanets.nuclear_bomb":1,"stat.pickup.mocreatures.bigcatclaw":1,"stat.craftItem.evilcraft.dark_spike":32,"stat.useItem.evilcraft.undead_plank":2,"stat.crouchOneCm":108588,"stat.craftItem.minecraft.iron_ingot":109,"stat.pickup.rustic.grape_stem":1,"stat.pickup.evilcraft.hardened_blood_shard":40,"stat.craftingTableInteraction":70,"stat.mineBlock.evilcraft.undead_log":7,"stat.drop.minecraft.double_plant":1,"stat.killEntity.mocreatures:raccoon":1,"stat.pickup.minecraft.dye":178,"stat.pickup.minecraft.planks":83,"stat.pickup.minecraft.wheat_seeds":9,"stat.mineBlock.minecraft.dirt":39,"stat.useItem.minecraft.bread":2,"stat.pickup.minecraft.brewing_stand":1,"stat.pickup.cfm.counter":1,"stat.drop.minecraft.porkchop":2,"stat.drop.minecraft.rotten_flesh":4,"stat.craftItem.evilcraft.vengeance_pickaxe":1,"stat.useItem.minecraft.cobblestone":181,"stat.useItem.minecraft.gravel":1,"stat.mineBlock.minecraft.double_plant":4,"stat.pickup.minecraft.iron_pickaxe":5,"stat.useItem.minecraft.yellow_flower":7,"stat.mineBlock.evilcraft.hardened_blood":21,"stat.drop.minecraft.sapling":3,"stat.pickup.minecraft.chicken":2,"stat.useItem.extraplanets.ore_lead":1,"stat.pickup.minecraft.apple":1,"stat.drop.minecraft.fish":6,"stat.killEntity.mocreatures:manticore":1,"stat.craftItem.minecraft.planks":644,"stat.useItem.minecraft.iron_sword":485,"stat.craftItem.minecraft.fishing_rod":1,"stat.pickup.minecraft.book":27,"stat.mineBlock.minecraft.log":161,"stat.drop.minecraft.leather_leggings":3,"stat.drop.cfm.counter":1,"stat.pickup.minecraft.red_flower":12,"stat.pickup.minecraft.wool":18,"stat.cakeSlicesEaten":5,"stat.drop.cfm.range_hood":1,"stat.craftItem.minecraft.diamond_leggings":1,"stat.useItem.minecraft.iron_axe":235,"stat.mineBlock.minecraft.cobblestone":22,"stat.pickup.minecraft.stone_pickaxe":1,"stat.pickup.minecraft.flint":3,"stat.mineBlock.minecraft.yellow_flower":7,"stat.pickup.minecraft.leather_chestplate":3,"stat.pickup.mocreatures.fur":2,"stat.craftItem.evilcraft.undead_plank":28,"stat.craftItem.evilcraft.purifier":1,"stat.useItem.minecraft.stone_slab2":3306,"stat.pickup.minecraft.bow":2,"stat.pickup.minecraft.iron_boots":4,"stat.craftItem.minecraft.furnace":3,"stat.useItem.minecraft.egg":2,"stat.craftItem.minecraft.iron_boots":3,"stat.mineBlock.minecraft.obsidian":12,"stat.flyOneCm":2111440,"stat.pickup.minecraft.fish":18,"stat.pickup.rustic.slate":6,"stat.timeSinceDeath":122284,"stat.useItem.minecraft.wooden_slab":2,"stat.craftItem.minecraft.iron_block":1,"stat.killEntity.mocreatures:bass":1,"stat.drop.minecraft.flint_and_steel":1,"stat.mineBlock.minecraft.coal_ore":233,"stat.killEntity.mocreatures:silverskeleton":1,"stat.killEntity.Creeper":3,"stat.talkedToVillager":3,"stat.pickup.minecraft.string":59,"stat.entityKilledBy.Skeleton":1,"stat.useItem.minecraft.written_book":1,"stat.sprintOneCm":1080897,"stat.mineBlock.minecraft.stone_slab":1,"stat.mineBlock.rustic.wildberry_bush":1,"stat.mineBlock.minecraft.diamond_ore":51,"stat.drop.cfm.counter_drawer":1,"stat.craftItem.evilcraft.blood_extractor":9,"stat.pickup.inventorypets.heart_pet":1,"stat.pickup.minecraft.leather_leggings":4,"stat.drop.minecraft.boat":2,"stat.killEntity.Zombie":19,"stat.craftItem.minecraft.dye":30,"stat.mineBlock.minecraft.gold_ore":21,"stat.diveOneCm":119165,"stat.drop.minecraft.diamond_pickaxe":1,"stat.mineBlock.evilcraft.box_of_eternal_closure":1,"stat.drop.mocreatures.chitin":1,"stat.craftItem.minecraft.cooked_porkchop":116,"stat.useItem.minecraft.chicken":2,"stat.pickup.minecraft.obsidian":12,"stat.useItem.minecraft.rotten_flesh":2,"stat.craftItem.minecraft.diamond_sword":1,"stat.jump":6169,"stat.pickup.minecraft.coal":605,"stat.pickup.minecraft.iron_ingot":52,"stat.pickup.minecraft.gunpowder":1,"stat.craftItem.minecraft.torch":384,"stat.pickup.minecraft.dirt":39,"stat.pickup.evilcraft.dark_gem_crushed":31,"stat.useItem.minecraft.sapling":1,"stat.pickup.minecraft.gold_ore":21,"stat.mineBlock.minecraft.lapis_ore":20,"stat.pickup.minecraft.iron_axe":3,"stat.damageTaken":12865,"stat.mineBlock.minecraft.torch":68,"stat.mineBlock.minecraft.red_flower":10,"stat.pickup.minecraft.bed":4,"stat.useItem.minecraft.birch_fence":1,"stat.useItem.forge.bucketfilled":3,"stat.killEntity.mocreatures:firefly":1,"stat.pickup.evilcraft.dark_power_gem":6,"stat.animalsBred":1,"stat.mineBlock.minecraft.birch_fence":1,"stat.useItem.minecraft.chest":2,"stat.pickup.minecraft.diamond_pickaxe":1,"stat.craftItem.evilcraft.blood_infuser":1,"stat.craftItem.evilcraft.blood_chest":1,"stat.useItem.minecraft.gold_ore":1,"stat.craftItem.minecraft.iron_chestplate":3,"stat.craftItem.evilcraft.promise":1,"stat.pickup.minecraft.cooked_beef":6,"stat.pickup.mocreatures.mocegg":2,"stat.mineBlock.minecraft.stonebrick":4,"stat.drop.minecraft.cookie":1,"stat.mobKills":136,"stat.mineBlock.minecraft.bookshelf":9,"stat.craftItem.minecraft.shears":1,"stat.useItem.minecraft.boat":3,"stat.pickup.minecraft.diamond":118,"stat.pickup.minecraft.torch":108,"stat.pickup.minecraft.deadbush":5,"stat.drop.inventorypets.bed_pet":1,"stat.craftItem.minecraft.iron_axe":1,"stat.useItem.minecraft.mutton":5,"stat.pickup.minecraft.fishing_rod":1,"stat.useItem.minecraft.planks":293,"stat.pickup.minecraft.glowstone_dust":3,"stat.pickup.minecraft.porkchop":76,"stat.craftItem.evilcraft.blood_infusion_core":3,"stat.useItem.minecraft.water_bucket":48,"stat.pickup.minecraft.sand":145,"stat.mineBlock.minecraft.sand":8,"stat.killEntity.mocreatures:deer":1,"stat.drop.minecraft.diamond":1,"stat.pickup.minecraft.furnace":4,"stat.useItem.minecraft.cooked_mutton":31,"stat.pickup.minecraft.iron_chestplate":6,"stat.pickup.mocreatures.chitin":1,"stat.pickup.minecraft.saddle":1,"stat.playOneMinute":609724,"stat.drop.minecraft.string":1,"stat.pickup.minecraft.iron_bars":6,"stat.pickup.rustic.aloe_vera":2,"stat.pickup.minecraft.pumpkin":3,"stat.useItem.minecraft.fish":3,"stat.recordPlayed":3,"stat.mineBlock.rustic.slate":10,"stat.fallOneCm":167938,"stat.drop.minecraft.stone":4,"stat.craftItem.minecraft.chest":4,"stat.mineBlock.evilcraft.undead_plank":2,"stat.pickup.minecraft.feather":2,"stat.pickup.minecraft.record_cat":3,"stat.useItem.minecraft.furnace":1,"stat.pickup.minecraft.iron_leggings":3,"stat.mineBlock.minecraft.gravel":34,"stat.useItem.minecraft.stone_pickaxe":43,"stat.craftItem.minecraft.iron_leggings":3,"stat.mineBlock.rustic.aloe_vera":1,"stat.pickup.minecraft.record_13":1,"stat.pickup.minecraft.flint_and_steel":1,"stat.useItem.minecraft.torch":397,"stat.useItem.minecraft.log":1,"stat.pickup.minecraft.crafting_table":6,"stat.craftItem.minecraft.crafting_table":5,"stat.killEntity.mocreatures:tiger":2,"stat.craftItem.minecraft.boat":2,"stat.pickup.extraplanets.ore_lead":13,"stat.craftItem.evilcraft.dark_block":1,"stat.pickup.minecraft.log":175,"stat.mineBlock.galacticraftcore.basic_block_core":217,"stat.drop.minecraft.stonebrick":1,"stat.drop.minecraft.planks":18,"stat.pickup.minecraft.sapling":22,"stat.mineBlock.rustic.mooncap_mushroom":1,"stat.pickup.evilcraft.promise":1,"stat.mineBlock.extraplanets.ore_lead":7,"stat.sneakTime":36841,"stat.pickup.rustic.chili_pepper_seeds":1,"stat.useItem.minecraft.baked_potato":2,"stat.pickup.minecraft.stone_slab":1,"stat.drop.minecraft.yellow_flower":1,"stat.pickup.minecraft.yellow_flower":11,"stat.useItem.minecraft.fishing_rod":17,"stat.pickup.minecraft.chest":1,"stat.craftItem.minecraft.diamond_chestplate":2,"stat.killEntity.mocreatures:snake":1,"stat.pickup.minecraft.bone":24,"stat.pickup.evilcraft.blood_extractor":11,"stat.mineBlock.minecraft.brown_mushroom":1,"stat.useItem.minecraft.diamond_sword":35,"stat.craftItem.minecraft.diamond_helmet":2,"stat.swimOneCm":101585,"stat.climbOneCm":8071,"stat.mineBlock.evilcraft.dark_ore":32,"stat.useItem.minecraft.dirt":7,"stat.useItem.minecraft.red_flower":7,"stat.useItem.minecraft.iron_ore":49,"stat.craftItem.minecraft.stone_pickaxe":1,"stat.pickup.minecraft.cobblestone":1265,"stat.drop.minecraft.wheat_seeds":1,"stat.useItem.minecraft.cooked_beef":6,"stat.craftItem.minecraft.wooden_slab":6,"stat.killEntity.mocreatures:fireogre":3,"stat.pickup.minecraft.cactus":17,"stat.pickup.minecraft.redstone":189,"stat.mineBlock.minecraft.iron_ore":270,"stat.pickup.minecraft.mutton":29,"stat.drop.minecraft.coal":3,"stat.pickup.minecraft.stonebrick":4,"stat.pickup.galacticraftcore.basic_block_core":208,"stat.drop.minecraft.dirt":5,"stat.useItem.minecraft.cooked_porkchop":40,"stat.pickup.minecraft.iron_shovel":2,"stat.drop.evilcraft.dark_gem":3,"stat.mineBlock.minecraft.nether_brick":1,"stat.craftItem.minecraft.stone_slab2":0,"stat.pickup.minecraft.paper":4,"stat.drop.rustic.tomato_seeds":4,"stat.craftItem.minecraft.stick":136,"stat.drop.inventorypets.heart_pet":1,"stat.mineBlock.minecraft.crafting_table":3,"stat.pickup.evilcraft.undead_plank":2,"stat.useItem.minecraft.diamond_pickaxe":1289,"stat.entityKilledBy.Creeper":2,"stat.mineBlock.minecraft.planks":22,"stat.drop":57,"stat.killEntity.Sheep":17,"stat.craftItem.minecraft.diamond_pickaxe":5,"stat.killEntity.mocreatures:werewolf":2,"stat.craftItem.minecraft.jukebox":1,"stat.pickup.evilcraft.box_of_eternal_closure":1,"stat.drop.minecraft.wooden_pickaxe":1,"stat.pickup.minecraft.gravel":32,"stat.useItem.minecraft.apple":1,"stat.mineBlock.minecraft.deadbush":8,"stat.pickup.minecraft.iron_helmet":3,"stat.useItem.minecraft.stone_axe":33,"stat.useItem.cfm.tv_remote":5,"stat.pickup.minecraft.spider_eye":10,"stat.craftItem.minecraft.iron_helmet":3,"stat.pickup.minecraft.iron_ore":272,"stat.pickup.evilcraft.dark_spike":29,"stat.mineBlock.mca.rose_gold_ore":1,"stat.boatOneCm":145933,"stat.mineBlock.minecraft.iron_bars":8,"stat.craftItem.minecraft.flint_and_steel":1,"stat.pickup.rustic.tomato_seeds":9,"stat.pickup.minecraft.leather":3,"stat.mineBlock.minecraft.furnace":5,"stat.useItem.minecraft.wooden_pickaxe":12,"stat.pickup.evilcraft.dark_gem":78,"stat.drop.minecraft.water_bucket":1,"stat.pickup.cfm.range_hood":1,"stat.killEntity.CaveSpider":5,"stat.craftItem.minecraft.birch_fence":3,"stat.damageDealt":15744,"stat.craftItem.minecraft.glass":10,"stat.sleepInBed":6,"stat.craftItem.minecraft.bowl":4,"stat.killEntity.Cow":5,"stat.useItem.minecraft.crafting_table":2,"stat.killEntity.Pig":36,"stat.craftItem.minecraft.iron_sword":1,"stat.pickup.minecraft.boat":5,"stat.walkOneCm":972117,"stat.playerKills":4,"stat.pickup.evilcraft.undead_log":7,"stat.pickup.minecraft.stick":11,"stat.useItem.galacticraftcore.basic_block_core":9,"stat.craftItem.minecraft.diamond_boots":2,"stat.pickup.galacticraftcore.basic_item":50,"stat.pickup.minecraft.stone":125,"stat.drop.cfm.freezer":1,"stat.useItem.evilcraft.vengeance_pickaxe":251,"stat.killEntity.Skeleton":12,"stat.pickup.evilcraft.blood_infuser":1,"stat.mineBlock.minecraft.cactus":10,"stat.killEntity.Chicken":2,"stat.killEntity.mocreatures:angler":1,"stat.pickup.cfm.freezer":1,"stat.killEntity.Spider":13,"stat.pickup.minecraft.birch_fence":1,"stat.mineBlock.minecraft.leaves":27,"stat.mineBlock.minecraft.redstone_ore":35,"stat.mineBlock.minecraft.stone":1687}