{"stat.cakeSlicesEaten":5,"stat.useItem.minecraft.bow":11,"stat.killEntity.mocreatures:snake":1,"stat.pickup.minecraft.bone":24,"stat.useItem.minecraft.iron_axe":224,"stat.leaveGame":5,"stat.mineBlock.minecraft.cobblestone":15,"stat.pickup.evilcraft.blood_extractor":5,"stat.pickup.minecraft.deadbush":5,"stat.pickup.minecraft.flint":2,"stat.mineBlock.minecraft.yellow_flower":7,"stat.craftItem.minecraft.iron_axe":1,"stat.pickup.minecraft.leather_chestplate":3,"stat.mineBlock.minecraft.brown_mushroom":1,"stat.pickup.mocreatures.fur":2,"stat.craftItem.evilcraft.undead_plank":8,"stat.killEntity.mocreatures:boar":2,"stat.useItem.minecraft.mutton":5,"stat.pickup.minecraft.fishing_rod":1,"stat.craftItem.evilcraft.purifier":1,"stat.swimOneCm":61137,"stat.useItem.minecraft.planks":255,"stat.mineBlock.minecraft.web":19,"stat.pickup.minecraft.glowstone_dust":3,"stat.mineBlock.evilcraft.dark_ore":15,"stat.pickup.minecraft.porkchop":73,"stat.craftItem.evilcraft.blood_infusion_core":2,"stat.useItem.minecraft.dirt":6,"stat.useItem.minecraft.stone_slab2":38,"stat.pickup.minecraft.bow":2,"stat.pickup.minecraft.iron_boots":3,"stat.useItem.minecraft.water_bucket":20,"stat.pickup.minecraft.rotten_flesh":18,"stat.craftItem.evilcraft.bowl_of_promises":2,"stat.pickup.minecraft.sand":145,"stat.craftItem.minecraft.furnace":3,"stat.useItem.minecraft.red_flower":7,"stat.pickup.minecraft.brick_block":2,"stat.useItem.minecraft.egg":2,"stat.craftItem.minecraft.iron_boots":2,"stat.useItem.minecraft.iron_ore":5,"stat.craftItem.minecraft.stone_pickaxe":1,"stat.pickup.minecraft.cobblestone":233,"stat.pickup.minecraft.leather_boots":1,"stat.flyOneCm":663506,"stat.mineBlock.minecraft.sand":8,"stat.pickup.minecraft.fish":18,"stat.killEntity.Witch":1,"stat.drop.minecraft.wheat_seeds":1,"stat.useItem.minecraft.cooked_beef":6,"stat.killEntity.mocreatures:fireogre":3,"stat.pickup.minecraft.cactus":17,"stat.killEntity.mocreatures:deer":1,"stat.pickup.minecraft.redstone":1,"stat.mineBlock.minecraft.iron_ore":151,"stat.timeSinceDeath":23290,"stat.useItem.minecraft.iron_pickaxe":460,"stat.drop.minecraft.diamond":1,"stat.craftItem.minecraft.wooden_pickaxe":1,"stat.pickup.minecraft.mutton":29,"stat.mineBlock.minecraft.brick_block":2,"stat.drop.minecraft.cooked_mutton":2,"stat.craftItem.minecraft.iron_block":1,"stat.pickup.minecraft.double_plant":1,"stat.killEntity.mocreatures:bass":1,"stat.useItem.evilcraft.undead_sapling":1,"stat.drop.minecraft.coal":3,"stat.pickup.minecraft.stonebrick":4,"stat.furnaceInteraction":63,"stat.drop.minecraft.gravel":2,"stat.pickup.galacticraftcore.basic_block_core":49,"stat.drop.minecraft.dirt":3,"stat.useItem.minecraft.cooked_porkchop":15,"stat.pickup.minecraft.iron_shovel":2,"stat.killEntity.ZombieVillager":1,"stat.drop.evilcraft.dark_gem":2,"stat.mineBlock.minecraft.coal_ore":110,"stat.killEntity.mocreatures:silverskeleton":1,"stat.killEntity.Creeper":2,"stat.talkedToVillager":3,"stat.drop.minecraft.red_flower":2,"stat.pickup.minecraft.string":59,"stat.craftItem.evilcraft.dark_stick":4,"stat.pickup.minecraft.beef":8,"stat.pickup.minecraft.furnace":4,"stat.useItem.minecraft.cooked_mutton":30,"stat.killEntity.mocreatures:duck":2,"stat.entityKilledBy.Skeleton":1,"stat.craftItem.minecraft.stone_slab2":0,"stat.useItem.minecraft.written_book":1,"stat.pickup.minecraft.leather_helmet":1,"stat.sprintOneCm":692727,"stat.pickup.minecraft.paper":4,"stat.pickup.minecraft.iron_chestplate":6,"stat.useItem.rustic.wildberries":3,"stat.mineBlock.minecraft.stone_slab":1,"stat.craftItem.minecraft.stick":72,"stat.mineBlock.rustic.wildberry_bush":1,"stat.pickup.mocreatures.chitin":1,"stat.craftItem.evilcraft.blood_extractor":9,"stat.useItem.minecraft.flint_and_steel":1,"stat.mineBlock.minecraft.crafting_table":3,"stat.killEntity.Husk":1,"stat.pickup.minecraft.saddle":1,"stat.pickup.minecraft.leather_leggings":4,"stat.useItem.minecraft.dye":8,"stat.entityKilledBy.Creeper":2,"stat.drop.minecraft.boat":2,"stat.deaths":8,"stat.mineBlock.minecraft.planks":22,"stat.drop":37,"stat.pickup.minecraft.egg":2,"stat.playOneMinute":218755,"stat.drop.minecraft.string":1,"stat.killEntity.Sheep":17,"stat.killEntity.mocreatures:dolphin":2,"stat.craftItem.minecraft.iron_pickaxe":1,"stat.killEntity.Zombie":17,"stat.craftItem.minecraft.dye":30,"stat.pickup.minecraft.iron_bars":6,"stat.pickup.rustic.aloe_vera":2,"stat.mineBlock.minecraft.tallgrass":57,"stat.craftItem.minecraft.cooked_mutton":18,"stat.fishCaught":8,"stat.killEntity.mocreatures:rat":1,"stat.diveOneCm":69513,"stat.pickup.minecraft.cooked_mutton":20,"stat.killEntity.mocreatures:werewolf":2,"stat.chestOpened":51,"stat.pickup.minecraft.pumpkin":3,"stat.drop.mocreatures.chitin":1,"stat.useItem.minecraft.fish":3,"stat.useItem.minecraft.stone":5,"stat.drop.minecraft.wooden_pickaxe":1,"stat.mineBlock.rustic.chamomile":1,"stat.pickup.minecraft.gravel":12,"stat.pickup.minecraft.arrow":21,"stat.pickup.minecraft.iron_sword":3,"stat.craftItem.minecraft.cooked_porkchop":48,"stat.useItem.minecraft.chicken":2,"stat.useItem.minecraft.apple":1,"stat.mineBlock.minecraft.deadbush":8,"stat.useItem.minecraft.rotten_flesh":2,"stat.drop.minecraft.iron_pickaxe":1,"stat.jump":3531,"stat.pickup.minecraft.coal":234,"stat.pickup.minecraft.iron_helmet":3,"stat.pickup.mocreatures.bigcatclaw":1,"stat.fallOneCm":86244,"stat.pickup.minecraft.iron_ingot":43,"stat.craftItem.evilcraft.dark_spike":32,"stat.useItem.minecraft.stone_axe":33,"stat.pickup.minecraft.gunpowder":1,"stat.crouchOneCm":50510,"stat.pickup.minecraft.spider_eye":10,"stat.craftItem.minecraft.torch":208,"stat.craftItem.minecraft.iron_ingot":59,"stat.craftItem.minecraft.chest":4,"stat.pickup.rustic.grape_stem":1,"stat.pickup.minecraft.dirt":30,"stat.craftItem.minecraft.iron_helmet":2,"stat.pickup.evilcraft.dark_gem_crushed":5,"stat.pickup.evilcraft.hardened_blood_shard":26,"stat.craftingTableInteraction":51,"stat.pickup.minecraft.iron_ore":158,"stat.pickup.evilcraft.dark_spike":29,"stat.boatOneCm":145933,"stat.mineBlock.minecraft.iron_bars":8,"stat.useItem.minecraft.sapling":1,"stat.craftItem.minecraft.flint_and_steel":1,"stat.pickup.rustic.tomato_seeds":4,"stat.pickup.minecraft.iron_axe":3,"stat.mineBlock.evilcraft.undead_log":2,"stat.drop.minecraft.double_plant":1,"stat.damageTaken":5715,"stat.pickup.minecraft.leather":3,"stat.pickup.minecraft.feather":2,"stat.pickup.minecraft.record_cat":1,"stat.mineBlock.minecraft.torch":24,"stat.mineBlock.minecraft.furnace":5,"stat.mineBlock.minecraft.red_flower":10,"stat.useItem.minecraft.wooden_pickaxe":12,"stat.useItem.minecraft.furnace":1,"stat.pickup.evilcraft.dark_gem":34,"stat.drop.minecraft.water_bucket":1,"stat.killEntity.mocreatures:raccoon":1,"stat.pickup.minecraft.planks":57,"stat.pickup.minecraft.iron_leggings":3,"stat.killEntity.CaveSpider":5,"stat.pickup.minecraft.bed":4,"stat.pickup.minecraft.wheat_seeds":9,"stat.useItem.forge.bucketfilled":3,"stat.mineBlock.minecraft.gravel":14,"stat.useItem.minecraft.stone_pickaxe":41,"stat.craftItem.minecraft.iron_leggings":2,"stat.killEntity.mocreatures:firefly":1,"stat.damageDealt":12591,"stat.craftItem.minecraft.glass":10,"stat.sleepInBed":3,"stat.craftItem.minecraft.bowl":4,"stat.mineBlock.rustic.aloe_vera":1,"stat.killEntity.Cow":5,"stat.mineBlock.minecraft.dirt":22,"stat.useItem.minecraft.crafting_table":2,"stat.killEntity.Pig":35,"stat.craftItem.minecraft.iron_sword":1,"stat.pickup.evilcraft.dark_power_gem":5,"stat.pickup.minecraft.boat":4,"stat.walkOneCm":472492,"stat.useItem.minecraft.torch":180,"stat.useItem.minecraft.bread":2,"stat.pickup.minecraft.brewing_stand":1,"stat.useItem.minecraft.chest":2,"stat.playerKills":1,"stat.pickup.evilcraft.undead_log":2,"stat.pickup.minecraft.stick":11,"stat.drop.minecraft.porkchop":2,"stat.drop.minecraft.rotten_flesh":2,"stat.craftItem.evilcraft.vengeance_pickaxe":1,"stat.useItem.minecraft.log":1,"stat.pickup.minecraft.crafting_table":6,"stat.useItem.minecraft.cobblestone":54,"stat.craftItem.minecraft.crafting_table":3,"stat.useItem.minecraft.gravel":1,"stat.mineBlock.minecraft.double_plant":4,"stat.killEntity.mocreatures:tiger":2,"stat.craftItem.evilcraft.blood_infuser":1,"stat.useItem.galacticraftcore.basic_block_core":6,"stat.craftItem.minecraft.boat":2,"stat.pickup.extraplanets.ore_lead":2,"stat.craftItem.evilcraft.dark_block":1,"stat.pickup.minecraft.log":175,"stat.mineBlock.galacticraftcore.basic_block_core":32,"stat.drop.minecraft.stonebrick":1,"stat.pickup.minecraft.iron_pickaxe":4,"stat.useItem.minecraft.yellow_flower":7,"stat.mineBlock.evilcraft.hardened_blood":21,"stat.pickup.minecraft.stone":10,"stat.craftItem.minecraft.iron_chestplate":2,"stat.drop.minecraft.sapling":3,"stat.pickup.minecraft.chicken":2,"stat.craftItem.evilcraft.promise":1,"stat.pickup.minecraft.sapling":22,"stat.pickup.minecraft.cooked_beef":6,"stat.pickup.minecraft.apple":1,"stat.mineBlock.rustic.mooncap_mushroom":1,"stat.killEntity.Skeleton":11,"stat.drop.minecraft.fish":6,"stat.mineBlock.minecraft.cactus":10,"stat.pickup.mocreatures.mocegg":2,"stat.killEntity.mocreatures:manticore":1,"stat.mineBlock.minecraft.stonebrick":4,"stat.craftItem.minecraft.planks":644,"stat.useItem.minecraft.iron_sword":426,"stat.killEntity.Chicken":2,"stat.drop.minecraft.cookie":1,"stat.killEntity.mocreatures:angler":1,"stat.killEntity.Spider":8,"stat.craftItem.minecraft.fishing_rod":1,"stat.mineBlock.extraplanets.ore_lead":1,"stat.mobKills":124,"stat.pickup.minecraft.book":27,"stat.mineBlock.minecraft.log":161,"stat.mineBlock.minecraft.bookshelf":9,"stat.craftItem.minecraft.shears":1,"stat.useItem.minecraft.boat":3,"stat.drop.minecraft.leather_leggings":3,"stat.pickup.minecraft.diamond":3,"stat.mineBlock.minecraft.leaves":27,"stat.pickup.minecraft.torch":56,"stat.pickup.minecraft.red_flower":12,"stat.sneakTime":14876,"stat.pickup.minecraft.wool":18,"stat.useItem.minecraft.baked_potato":2,"stat.pickup.minecraft.stone_slab":1,"stat.drop.minecraft.yellow_flower":1,"stat.pickup.minecraft.yellow_flower":9,"stat.mineBlock.minecraft.stone":134,"stat.useItem.minecraft.fishing_rod":17}