{"stat.pickup.minecraft.sand":5,"stat.walkOneCm":19604,"stat.useItem.minecraft.flint_and_steel":2,"stat.mobKills":8,"stat.pickup.minecraft.cobblestone":1,"stat.mineBlock.minecraft.log":2,"stat.pickup.minecraft.log":2,"stat.flyOneCm":33556,"stat.pickup.minecraft.sandstone":8,"stat.jump":157,"stat.mineBlock.minecraft.sand":2,"stat.playOneMinute":12504,"stat.fallOneCm":1045,"stat.killEntity.Sheep":2,"stat.sneakTime":4391,"stat.damageDealt":388,"stat.pickup.minecraft.porkchop":1,"stat.killEntity.Rabbit":4,"stat.crouchOneCm":27690,"stat.timeSinceDeath":12504,"stat.pickup.minecraft.dirt":12,"stat.sprintOneCm":12609,"stat.useItem.minecraft.stone_slab2":821,"stat.killEntity.Pig":2}