{"stat.cakeSlicesEaten":2,"stat.drop.minecraft.stone_pickaxe":1,"stat.drop.minecraft.mutton":4,"stat.killEntity.mocreatures:snake":5,"stat.pickup.minecraft.bone":5,"stat.leaveGame":6,"stat.mineBlock.minecraft.cobblestone":16,"stat.mineBlock.minecraft.pumpkin":1,"stat.pickup.evilcraft.blood_extractor":8,"stat.pickup.minecraft.stone_pickaxe":2,"stat.pickup.minecraft.flint":1,"stat.mineBlock.minecraft.yellow_flower":2,"stat.pickup.minecraft.leather_chestplate":1,"stat.pickup.rustic.mooncap_mushroom":4,"stat.pickup.minecraft.flower_pot":2,"stat.pickup.mocreatures.fur":2,"stat.useItem.minecraft.mutton":3,"stat.pickup.minecraft.fishing_rod":1,"stat.swimOneCm":82552,"stat.pickup.rustic.ginseng":7,"stat.climbOneCm":107,"stat.useItem.minecraft.planks":157,"stat.pickup.minecraft.porkchop":164,"stat.useItem.minecraft.dirt":14,"stat.useItem.minecraft.cookie":1,"stat.useItem.minecraft.stone_slab2":43,"stat.pickup.minecraft.iron_boots":1,"stat.pickup.minecraft.rotten_flesh":11,"stat.pickup.minecraft.sand":244,"stat.craftItem.minecraft.furnace":1,"stat.craftItem.minecraft.stone_axe":2,"stat.craftItem.minecraft.spruce_boat":2,"stat.craftItem.minecraft.stone_pickaxe":1,"stat.craftItem.minecraft.cooked_beef":6,"stat.killEntity.Enderman":1,"stat.pickup.minecraft.cobblestone":108,"stat.craftItem.minecraft.stone_sword":1,"stat.flyOneCm":671096,"stat.killEntity.mocreatures:turkey":1,"stat.mineBlock.minecraft.sand":28,"stat.pickup.minecraft.fish":9,"stat.killEntity.Witch":1,"stat.useItem.minecraft.cooked_beef":4,"stat.craftItem.minecraft.cooked_fish":3,"stat.pickup.minecraft.redstone":1,"stat.mineBlock.minecraft.iron_ore":65,"stat.timeSinceDeath":43179,"stat.pickup.minecraft.mutton":47,"stat.pickup.minecraft.mossy_cobblestone":2,"stat.pickup.minecraft.double_plant":4,"stat.craftItem.minecraft.bed":3,"stat.drop.minecraft.coal":30,"stat.mineBlock.twilightforest.firefly_jar":1,"stat.pickup.rustic.wildberries":1,"stat.pickup.minecraft.stonebrick":9,"stat.furnaceInteraction":60,"stat.pickup.galacticraftcore.basic_block_core":7,"stat.useItem.minecraft.cooked_porkchop":19,"stat.pickup.minecraft.iron_shovel":1,"stat.mineBlock.minecraft.coal_ore":96,"stat.drop.minecraft.wool":1,"stat.talkedToVillager":4,"stat.craftItem.minecraft.stone_hoe":1,"stat.pickup.minecraft.string":2,"stat.killEntity.mocreatures:greenogre":1,"stat.pickup.minecraft.beef":10,"stat.useItem.minecraft.cooked_mutton":14,"stat.pickup.minecraft.furnace":4,"stat.killEntity.mocreatures:duck":2,"stat.sprintOneCm":400739,"stat.pickup.minecraft.iron_chestplate":1,"stat.useItem.rustic.wildberries":1,"stat.craftItem.minecraft.stick":52,"stat.craftItem.minecraft.wooden_axe":2,"stat.mineBlock.rustic.wildberry_bush":1,"stat.mineBlock.minecraft.crafting_table":5,"stat.killEntity.Husk":1,"stat.killEntity.mocreatures:minigolem":2,"stat.pickup.minecraft.leather_leggings":1,"stat.deaths":3,"stat.mineBlock.minecraft.planks":63,"stat.drop":37,"stat.pickup.minecraft.egg":4,"stat.playOneMinute":242147,"stat.killEntity.Sheep":28,"stat.pickup.minecraft.slime_ball":2,"stat.craftItem.minecraft.iron_pickaxe":1,"stat.killEntity.Zombie":5,"stat.pickup.minecraft.iron_bars":7,"stat.pickup.rustic.aloe_vera":4,"stat.mineBlock.minecraft.tallgrass":371,"stat.craftItem.minecraft.cooked_mutton":22,"stat.diveOneCm":49745,"stat.pickup.minecraft.cooked_mutton":6,"stat.chestOpened":30,"stat.mineBlock.minecraft.mossy_cobblestone":1,"stat.pickup.minecraft.pumpkin":1,"stat.pickup.rustic.wildberry_bush":1,"stat.useItem.minecraft.stone":1,"stat.mineBlock.rustic.chamomile":1,"stat.pickup.minecraft.gravel":26,"stat.pickup.minecraft.waterlily":2,"stat.pickup.minecraft.arrow":8,"stat.craftItem.minecraft.cooked_porkchop":39,"stat.useItem.rustic.core_root":1,"stat.drop.minecraft.spruce_boat":1,"stat.pickup.minecraft.obsidian":2,"stat.useItem.minecraft.porkchop":1,"stat.useItem.rustic.mooncap_mushroom":2,"stat.jump":3835,"stat.useItem.minecraft.sand":1,"stat.pickup.minecraft.fence":3,"stat.pickup.minecraft.coal":110,"stat.pickup.minecraft.iron_helmet":1,"stat.pickup.mocreatures.bigcatclaw":5,"stat.fallOneCm":81801,"stat.pickup.minecraft.iron_ingot":96,"stat.pickup.minecraft.carrot":4,"stat.useItem.minecraft.stone_axe":99,"stat.crouchOneCm":10284,"stat.craftItem.minecraft.torch":76,"stat.craftItem.minecraft.iron_ingot":52,"stat.pickup.rustic.grape_stem":3,"stat.pickup.minecraft.dirt":49,"stat.craftingTableInteraction":22,"stat.pickup.minecraft.iron_ore":67,"stat.boatOneCm":149054,"stat.mineBlock.minecraft.iron_bars":2,"stat.useItem.minecraft.sapling":3,"stat.pickup.rustic.tomato_seeds":12,"stat.pickup.minecraft.cookie":1,"stat.killEntity.mocreatures:lion":1,"stat.pickup.minecraft.wooden_pickaxe":1,"stat.damageTaken":3757,"stat.pickup.minecraft.leather":1,"stat.pickup.minecraft.feather":4,"stat.mineBlock.minecraft.furnace":3,"stat.mineBlock.minecraft.torch":2,"stat.mineBlock.minecraft.red_flower":2,"stat.useItem.minecraft.wooden_pickaxe":36,"stat.pickup.twilightforest.firefly_jar":1,"stat.pickup.minecraft.planks":116,"stat.pickup.minecraft.iron_leggings":1,"stat.killEntity.CaveSpider":3,"stat.pickup.minecraft.bed":4,"stat.pickup.minecraft.wheat_seeds":16,"stat.entityKilledBy.Zombie":1,"stat.mineBlock.minecraft.gravel":4,"stat.useItem.minecraft.stone_pickaxe":257,"stat.useItem.minecraft.stone_sword":172,"stat.killEntity.mocreatures:firefly":1,"stat.damageDealt":19639,"stat.craftItem.minecraft.glass":1,"stat.sleepInBed":3,"stat.mineBlock.rustic.aloe_vera":1,"stat.killEntity.Cow":7,"stat.mineBlock.minecraft.dirt":23,"stat.killEntity.Pig":87,"stat.craftItem.minecraft.iron_sword":2,"stat.flowerPotted":1,"stat.walkOneCm":890285,"stat.useItem.minecraft.torch":74,"stat.playerKills":1,"stat.pickup.minecraft.stick":10,"stat.pickup.minecraft.crafting_table":4,"stat.useItem.minecraft.cobblestone":24,"stat.craftItem.minecraft.crafting_table":4,"stat.useItem.minecraft.gravel":1,"stat.mineBlock.minecraft.double_plant":10,"stat.killEntity.mocreatures:tiger":2,"stat.pickup.minecraft.log":53,"stat.useItem.minecraft.cooked_fish":3,"stat.mineBlock.galacticraftcore.basic_block_core":6,"stat.pickup.minecraft.stone":8,"stat.pickup.minecraft.chicken":5,"stat.pickup.minecraft.sapling":7,"stat.pickup.minecraft.cooked_beef":4,"stat.killEntity.Skeleton":7,"stat.pickup.mocreatures.mocegg":4,"stat.killEntity.mocreatures:manticore":1,"stat.killEntity.mocreatures:snail":1,"stat.craftItem.minecraft.planks":212,"stat.useItem.minecraft.iron_sword":440,"stat.killEntity.Chicken":4,"stat.killEntity.Spider":2,"stat.mobKills":163,"stat.useItem.minecraft.stonebrick":3,"stat.mineBlock.minecraft.log":54,"stat.mineBlock.minecraft.waterlily":1,"stat.mineBlock.minecraft.leaves":18,"stat.pickup.minecraft.torch":7,"stat.pickup.minecraft.red_flower":6,"stat.sneakTime":4329,"stat.killEntity.mocreatures:maggot":1,"stat.pickup.minecraft.wool":34,"stat.pickup.rustic.chili_pepper_seeds":9,"stat.pickup.rustic.core_root":6,"stat.pickup.minecraft.spruce_boat":2,"stat.pickup.evilcraft.werewolf_flesh":1,"stat.useItem.minecraft.wooden_axe":59,"stat.pickup.minecraft.yellow_flower":4,"stat.mineBlock.minecraft.stone":50,"stat.useItem.minecraft.fishing_rod":1}