{"stat.drop.minecraft.mutton":4,"stat.leaveGame":9,"stat.useItem.minecraft.mutton":3,"stat.pickup.minecraft.fishing_rod":1,"stat.useItem.minecraft.planks":178,"stat.mineBlock.minecraft.web":1,"stat.pickup.minecraft.porkchop":228,"stat.pickup.minecraft.rotten_flesh":12,"stat.pickup.minecraft.sand":244,"stat.craftItem.minecraft.stone_axe":2,"stat.killEntity.Enderman":1,"stat.craftItem.minecraft.stone_sword":1,"stat.killEntity.mocreatures:turkey":1,"stat.mineBlock.minecraft.sand":28,"stat.killEntity.Witch":1,"stat.craftItem.minecraft.cooked_fish":3,"stat.useItem.minecraft.iron_pickaxe":252,"stat.pickup.minecraft.double_plant":5,"stat.craftItem.minecraft.bed":3,"stat.pickup.rustic.wildberries":1,"stat.furnaceInteraction":60,"stat.killEntity.mocreatures:greenogre":2,"stat.pickup.minecraft.beef":10,"stat.useItem.minecraft.cooked_mutton":14,"stat.pickup.minecraft.furnace":4,"stat.killEntity.mocreatures:duck":2,"stat.pickup.minecraft.iron_chestplate":1,"stat.useItem.rustic.wildberries":1,"stat.killEntity.Husk":1,"stat.drop.cfm.desk_cabinet_birch":1,"stat.deaths":3,"stat.pickup.minecraft.egg":6,"stat.playOneMinute":480385,"stat.craftItem.minecraft.iron_pickaxe":1,"stat.pickup.minecraft.iron_bars":7,"stat.pickup.rustic.aloe_vera":4,"stat.mineBlock.minecraft.tallgrass":449,"stat.craftItem.minecraft.cooked_mutton":22,"stat.pickup.minecraft.cooked_mutton":6,"stat.chestOpened":35,"stat.pickup.minecraft.pumpkin":1,"stat.useItem.minecraft.stone":1,"stat.mineBlock.rustic.chamomile":1,"stat.pickup.minecraft.waterlily":2,"stat.pickup.minecraft.arrow":12,"stat.mineBlock.rustic.slate":5,"stat.pickup.mocreatures.bigcatclaw":5,"stat.fallOneCm":99594,"stat.pickup.minecraft.carrot":4,"stat.crouchOneCm":11148,"stat.craftItem.minecraft.iron_ingot":52,"stat.pickup.rustic.grape_stem":3,"stat.craftingTableInteraction":28,"stat.killEntity.mocreatures:lion":1,"stat.pickup.minecraft.wooden_pickaxe":1,"stat.pickup.minecraft.feather":8,"stat.pickup.twilightforest.firefly_jar":2,"stat.pickup.minecraft.planks":117,"stat.pickup.minecraft.iron_leggings":1,"stat.pickup.minecraft.wheat_seeds":20,"stat.mineBlock.minecraft.gravel":18,"stat.useItem.minecraft.stone_pickaxe":599,"stat.useItem.minecraft.stone_sword":172,"stat.mineBlock.rustic.aloe_vera":1,"stat.mineBlock.minecraft.dirt":39,"stat.flowerPotted":1,"stat.useItem.minecraft.torch":148,"stat.pickup.minecraft.crafting_table":6,"stat.useItem.minecraft.cobblestone":38,"stat.craftItem.minecraft.crafting_table":6,"stat.useItem.minecraft.gravel":1,"stat.mineBlock.minecraft.double_plant":10,"stat.killEntity.mocreatures:tiger":2,"stat.pickup.minecraft.log":53,"stat.useItem.minecraft.cooked_fish":3,"stat.mineBlock.galacticraftcore.basic_block_core":23,"stat.drop.cfm.digital_clock":1,"stat.killEntity.mocreatures:scorpion":1,"stat.pickup.minecraft.chicken":9,"stat.pickup.minecraft.sapling":7,"stat.killEntity.mocreatures:manticore":1,"stat.killEntity.mocreatures:snail":1,"stat.craftItem.minecraft.planks":212,"stat.useItem.minecraft.iron_sword":635,"stat.pickup.minecraft.diamond_helmet":1,"stat.useItem.minecraft.stonebrick":3,"stat.mineBlock.minecraft.log":54,"stat.mineBlock.minecraft.waterlily":1,"stat.pickup.minecraft.red_flower":6,"stat.sneakTime":5474,"stat.pickup.minecraft.wool":34,"stat.pickup.rustic.chili_pepper_seeds":10,"stat.useItem.minecraft.wooden_axe":59,"stat.pickup.minecraft.yellow_flower":4,"stat.useItem.minecraft.fishing_rod":1,"stat.cakeSlicesEaten":2,"stat.drop.minecraft.stone_pickaxe":1,"stat.killEntity.mocreatures:snake":6,"stat.pickup.minecraft.bone":5,"stat.mineBlock.minecraft.cobblestone":17,"stat.mineBlock.minecraft.pumpkin":1,"stat.pickup.evilcraft.blood_extractor":8,"stat.pickup.minecraft.stone_pickaxe":2,"stat.pickup.minecraft.flint":3,"stat.mineBlock.minecraft.yellow_flower":2,"stat.pickup.minecraft.leather_chestplate":1,"stat.pickup.rustic.mooncap_mushroom":4,"stat.pickup.minecraft.flower_pot":2,"stat.pickup.mocreatures.fur":2,"stat.swimOneCm":93863,"stat.pickup.rustic.ginseng":7,"stat.climbOneCm":861,"stat.drop.minecraft.cobblestone":3,"stat.pickup.minecraft.cooked_porkchop":2,"stat.mineBlock.evilcraft.dark_ore":1,"stat.useItem.minecraft.dirt":14,"stat.useItem.minecraft.cookie":1,"stat.useItem.minecraft.stone_slab2":3364,"stat.pickup.minecraft.bow":1,"stat.pickup.minecraft.iron_boots":1,"stat.craftItem.minecraft.furnace":1,"stat.craftItem.minecraft.spruce_boat":2,"stat.pickup.cfm.digital_clock":1,"stat.craftItem.minecraft.stone_pickaxe":4,"stat.craftItem.minecraft.cooked_beef":6,"stat.pickup.minecraft.cobblestone":546,"stat.flyOneCm":1275491,"stat.pickup.minecraft.fish":9,"stat.pickup.rustic.slate":4,"stat.useItem.minecraft.cooked_beef":4,"stat.pickup.minecraft.redstone":1,"stat.mineBlock.minecraft.iron_ore":69,"stat.timeSinceDeath":281417,"stat.pickup.minecraft.mutton":47,"stat.pickup.minecraft.mossy_cobblestone":2,"stat.drop.minecraft.coal":30,"stat.mineBlock.twilightforest.firefly_jar":1,"stat.pickup.minecraft.stonebrick":9,"stat.pickup.galacticraftcore.basic_block_core":24,"stat.useItem.minecraft.cooked_porkchop":27,"stat.pickup.minecraft.iron_shovel":1,"stat.mineBlock.minecraft.coal_ore":163,"stat.drop.minecraft.wool":1,"stat.killEntity.Creeper":2,"stat.talkedToVillager":4,"stat.craftItem.minecraft.stone_hoe":1,"stat.pickup.minecraft.string":3,"stat.sprintOneCm":551591,"stat.craftItem.minecraft.stick":88,"stat.craftItem.minecraft.wooden_axe":2,"stat.mineBlock.rustic.wildberry_bush":1,"stat.mineBlock.minecraft.crafting_table":7,"stat.killEntity.mocreatures:minigolem":2,"stat.useItem.minecraft.diamond_pickaxe":297,"stat.pickup.minecraft.diamond_chestplate":1,"stat.pickup.minecraft.leather_leggings":1,"stat.mineBlock.minecraft.planks":63,"stat.drop":45,"stat.killEntity.Sheep":28,"stat.pickup.minecraft.slime_ball":2,"stat.killEntity.Zombie":8,"stat.mineBlock.minecraft.gold_ore":9,"stat.diveOneCm":69532,"stat.mineBlock.minecraft.mossy_cobblestone":1,"stat.pickup.rustic.wildberry_bush":1,"stat.pickup.minecraft.gravel":44,"stat.craftItem.minecraft.cooked_porkchop":39,"stat.useItem.rustic.core_root":1,"stat.killEntity.Slime":1,"stat.drop.minecraft.spruce_boat":1,"stat.pickup.minecraft.obsidian":3,"stat.useItem.minecraft.porkchop":1,"stat.useItem.rustic.mooncap_mushroom":2,"stat.drop.minecraft.cooked_porkchop":2,"stat.jump":5522,"stat.useItem.minecraft.sand":1,"stat.pickup.minecraft.fence":3,"stat.pickup.minecraft.coal":176,"stat.pickup.minecraft.iron_helmet":1,"stat.pickup.minecraft.iron_ingot":96,"stat.useItem.minecraft.stone_axe":101,"stat.drop.evilcraft.blood_extractor":1,"stat.craftItem.minecraft.torch":168,"stat.pickup.minecraft.dirt":58,"stat.pickup.mocreatures.scorpstingdirt":1,"stat.pickup.minecraft.iron_ore":71,"stat.boatOneCm":149054,"stat.mineBlock.minecraft.iron_bars":2,"stat.useItem.minecraft.sapling":3,"stat.pickup.minecraft.gold_ore":9,"stat.pickup.rustic.tomato_seeds":17,"stat.pickup.minecraft.cookie":4,"stat.damageTaken":4206,"stat.pickup.minecraft.leather":1,"stat.mineBlock.minecraft.furnace":3,"stat.mineBlock.minecraft.torch":5,"stat.mineBlock.minecraft.red_flower":2,"stat.useItem.minecraft.wooden_pickaxe":36,"stat.pickup.evilcraft.dark_gem":3,"stat.killEntity.CaveSpider":3,"stat.pickup.minecraft.bed":4,"stat.entityKilledBy.Zombie":1,"stat.killEntity.mocreatures:firefly":1,"stat.damageDealt":25045,"stat.craftItem.minecraft.glass":1,"stat.sleepInBed":3,"stat.killEntity.Cow":7,"stat.killEntity.Pig":119,"stat.craftItem.minecraft.iron_sword":2,"stat.pickup.cfm.desk_cabinet_birch":1,"stat.walkOneCm":1498145,"stat.playerKills":1,"stat.pickup.minecraft.stick":10,"stat.pickup.minecraft.diamond_pickaxe":2,"stat.pickup.galacticraftcore.basic_item":4,"stat.pickup.minecraft.stone":75,"stat.pickup.minecraft.cooked_beef":4,"stat.killEntity.Skeleton":10,"stat.pickup.mocreatures.mocegg":10,"stat.killEntity.Chicken":8,"stat.killEntity.Spider":4,"stat.mobKills":214,"stat.pickup.minecraft.diamond_boots":1,"stat.mineBlock.minecraft.leaves":18,"stat.pickup.minecraft.torch":13,"stat.mineBlock.minecraft.redstone_ore":3,"stat.killEntity.mocreatures:maggot":1,"stat.pickup.rustic.core_root":6,"stat.pickup.minecraft.spruce_boat":2,"stat.pickup.evilcraft.werewolf_flesh":1,"stat.mineBlock.minecraft.stone":807}